ticker,sector,date,close,daily_ret,squeeze,vol_dec,vol_surge_x,ret_5d,ret_10d,ret_15d,ret_20d,max_ret,max_dd,year
AA,Basic Materials,2021-09-01,43.48,2.77,0.621,0.861,1.7,4.19,8.36,6.49,7.32,15.02,-2.46,2021
AA,Basic Materials,2023-01-09,48.4,8.43,0.647,0.776,1.59,9.13,5.17,3.92,5.91,14.6,-3.16,2023
AA,Basic Materials,2023-12-01,27.03,3.28,0.559,0.769,1.3,-9.81,12.11,21.74,20.08,26.3,-14.2,2023
AA,Basic Materials,2024-11-06,44.71,6.03,0.416,0.895,2.08,-10.52,0.84,1.15,1.79,5.31,-11.57,2024
AA,Basic Materials,2025-11-26,41.5,6.05,0.607,0.846,1.3,5.87,13.64,15.9,30.5,30.94,-0.65,2025
AA,Basic Materials,2026-01-05,61.34,8.67,0.644,0.895,1.71,6.88,1.11,-2.9,-0.15,8.97,-8.98,2026
AAPL,Technology,2021-06-14,127.3,2.46,0.384,0.85,1.35,1.39,3.3,8.84,11.62,13.01,-1.55,2021
AAPL,Technology,2021-08-30,149.62,3.04,0.508,0.833,1.42,2.33,-3.27,-6.33,-7.32,2.7,-7.74,2021
AAPL,Technology,2021-11-17,150.2,1.65,0.454,0.853,1.37,5.51,6.69,13.73,12.23,18.66,-0.29,2021
AAPL,Technology,2023-03-16,153.62,1.87,0.527,0.884,1.24,1.98,4.18,5.65,6.01,7.05,-1.09,2023
AAPL,Technology,2023-04-27,166.01,2.84,0.363,0.868,1.27,-1.56,3.17,4.09,2.86,4.88,-2.43,2023
AAPL,Technology,2025-10-20,261.74,3.94,0.441,0.898,1.93,2.51,2.6,2.84,2.09,5.75,-2.6,2025
ABBV,Healthcare,2021-10-29,98.1,4.56,0.601,0.808,2.74,2.19,2.01,1.37,1.94,4.06,-0.96,2021
ABBV,Healthcare,2021-12-03,101.67,1.69,0.342,0.832,1.3,5.57,8.99,13.09,13.94,15.13,0.3,2021
ABBV,Healthcare,2023-09-14,140.66,1.64,0.592,0.828,1.59,-0.14,-0.9,-4.03,-2.51,0.81,-5.4,2023
ABBV,Healthcare,2025-09-11,216.9,4.05,0.509,0.878,1.75,0.8,-0.76,7.42,4.75,11.17,-2.68,2025
ABT,Healthcare,2022-12-13,104.68,1.86,0.492,0.803,1.3,-4.52,-3.32,-0.65,0.3,3.73,-5.3,2022
ADBE,Technology,2021-08-19,637.66,1.74,0.41,0.718,1.28,2.31,4.23,3.34,2.64,5.68,-0.49,2021
ADBE,Technology,2021-11-19,688.37,2.59,0.354,0.77,1.79,-0.13,-9.64,-4.37,-20.13,1.62,-21.05,2021
ADBE,Technology,2023-07-31,546.17,3.27,0.505,0.718,1.35,-3.01,-4.38,-4.71,-2.98,1.07,-7.74,2023
ADBE,Technology,2023-08-31,559.34,2.56,0.54,0.773,1.86,0.18,-5.44,-8.3,-8.84,1.95,-10.84,2023
ADM,Agricultural,2022-07-26,70.49,4.36,0.38,0.754,2.16,4.9,4.99,10.22,12.09,12.41,-1.63,2022
ADM,Agricultural,2024-03-12,53.11,3.93,0.172,0.734,2.34,6.94,8.32,9.78,11.95,12.3,0.67,2024
ADM,Agricultural,2024-09-19,59.1,3.17,0.535,0.852,1.97,-4.93,-6.37,-8.26,-6.12,-0.34,-9.0,2024
ADM,Agricultural,2025-05-12,48.2,2.82,0.61,0.651,1.44,0.22,-1.54,-4.28,-1.32,2.97,-5.23,2025
ADM,Agricultural,2025-08-05,56.23,6.0,0.455,0.833,1.99,1.63,4.06,9.96,8.03,12.69,-1.84,2025
ADM,Agricultural,2026-01-06,60.04,1.53,0.547,0.873,1.5,4.78,11.92,11.42,11.32,15.31,-3.85,2026
AEM,Precious Metals,2022-12-13,49.25,3.06,0.512,0.869,1.29,-1.57,-1.57,3.16,4.41,6.15,-5.43,2022
AEM,Precious Metals,2023-01-04,51.69,3.58,0.304,0.846,1.65,-1.69,0.05,2.92,-0.94,4.69,-3.14,2023
AEM,Precious Metals,2023-05-04,56.77,4.03,0.299,0.857,2.16,-5.99,-11.03,-15.38,-13.3,0.41,-17.55,2023
AEM,Precious Metals,2023-07-12,49.91,5.51,0.397,0.857,1.46,1.69,-0.89,-7.71,-8.07,3.09,-9.64,2023
AGCO,Agricultural,2025-07-01,107.21,4.7,0.516,0.862,2.01,1.8,-0.81,3.81,-1.27,7.63,-2.6,2025
AIG,Financial,2021-11-03,55.2,1.83,0.61,0.805,1.35,-3.63,-6.76,-5.22,-11.66,2.39,-15.37,2021
AIG,Financial,2023-05-05,50.35,7.84,0.416,0.697,1.98,-2.42,0.11,0.52,0.82,5.78,-3.59,2023
ALB,Basic Materials,2021-10-18,224.18,3.56,0.573,0.814,1.22,1.07,8.0,17.56,14.51,19.4,-2.75,2021
ALB,Basic Materials,2023-07-07,227.42,4.37,0.446,0.835,1.2,-0.95,-9.06,-12.41,-15.76,4.18,-16.29,2023
ALB,Basic Materials,2024-11-11,107.55,9.57,0.552,0.871,2.06,-5.85,-0.46,-1.29,-5.89,3.1,-9.87,2024
ALB,Basic Materials,2026-01-06,157.76,8.23,0.477,0.819,1.97,11.84,13.85,16.55,6.65,23.74,-1.78,2026
ALB,Basic Materials,2026-01-22,187.85,4.59,0.57,0.881,1.35,-4.05,-16.91,-15.61,-10.57,3.91,-17.14,2026
AMAT,Technology,2022-12-13,108.76,2.29,0.314,0.804,1.38,-7.48,-15.77,-12.47,-1.49,0.66,-16.26,2022
AMAT,Technology,2026-01-05,283.97,5.75,0.399,0.842,1.7,8.06,11.93,17.02,12.08,21.2,-1.71,2026
AMD,Technology,2021-06-17,84.56,5.55,0.608,0.829,2.2,1.82,10.35,7.5,1.57,12.87,-2.78,2021
AMD,Technology,2021-06-29,89.52,2.8,0.583,0.823,1.33,1.14,-0.53,-0.12,9.39,10.27,-5.9,2021
AMD,Technology,2021-10-13,109.16,3.92,0.596,0.676,1.35,6.62,12.02,19.58,28.13,42.59,0.43,2021
AMD,Technology,2023-12-07,128.37,9.89,0.394,0.871,2.58,7.5,8.99,14.83,13.87,17.67,-1.15,2023
AMD,Technology,2024-02-29,192.53,9.06,0.43,0.887,1.62,9.79,-2.84,-7.19,-6.25,18.06,-10.66,2024
AMD,Technology,2024-05-16,162.62,1.85,0.454,0.773,1.66,-1.35,2.63,3.23,-1.84,7.34,-3.51,2024
AMD,Technology,2025-06-16,126.39,8.81,0.413,0.829,2.79,9.53,7.69,9.51,26.66,26.88,-0.49,2025
AMD,Technology,2025-10-02,169.73,3.49,0.424,0.815,1.25,37.21,38.2,38.45,50.14,57.36,-3.88,2025
AMD,Technology,2026-03-25,220.27,7.26,0.394,0.843,1.45,,,,,,,2026
AME,Industrial,2025-05-12,178.22,4.44,0.572,0.858,1.76,1.39,0.8,-0.93,0.27,1.95,-2.51,2025
AME,Industrial,2026-01-21,220.07,3.42,0.521,0.867,1.7,0.94,3.36,6.75,5.59,8.86,-1.35,2026
AMGN,Healthcare,2023-09-20,251.46,2.71,0.433,0.868,1.64,-0.91,-2.22,4.47,4.46,6.26,-4.34,2023
AMGN,Healthcare,2025-01-27,272.14,2.73,0.476,0.71,1.24,2.09,4.18,4.32,12.45,13.4,-1.29,2025
AMGN,Healthcare,2025-11-05,315.41,7.81,0.465,0.898,2.59,5.13,7.05,8.49,7.11,9.06,-2.29,2025
AMZN,Communications,2021-06-10,167.48,2.09,0.42,0.826,1.2,4.17,2.97,2.49,11.04,12.25,-0.48,2021
AMZN,Communications,2023-09-11,143.1,3.52,0.611,0.829,1.33,-2.18,-8.27,-9.53,-10.37,1.93,-14.02,2023
AMZN,Communications,2024-06-21,189.08,1.6,0.571,0.84,2.12,2.21,5.4,1.93,-3.45,6.41,-4.74,2024
AMZN,Communications,2024-09-11,184.52,2.77,0.34,0.817,1.27,1.04,4.34,0.13,0.35,5.88,-2.31,2024
AMZN,Communications,2025-01-21,230.71,2.11,0.408,0.866,1.24,3.22,4.92,0.89,-1.77,5.12,-3.03,2025
AMZN,Communications,2026-01-06,240.93,3.38,0.396,0.793,1.49,0.69,-3.99,0.86,-3.3,3.32,-5.83,2026
APD,Basic Materials,2024-08-01,276.64,8.95,0.64,0.859,2.47,-2.87,-4.73,-4.54,-3.61,-0.52,-5.45,2024
APD,Basic Materials,2024-09-16,277.99,1.67,0.399,0.716,1.45,1.1,3.07,8.89,11.56,12.79,-1.11,2024
APD,Basic Materials,2025-06-03,277.62,1.65,0.493,0.877,1.24,-0.5,-2.2,-0.46,3.13,3.2,-5.91,2025
AU,Precious Metals,2021-11-10,17.67,4.81,0.382,0.801,2.01,4.64,0.6,1.9,-2.99,12.07,-3.84,2021
AU,Precious Metals,2022-12-13,17.45,3.87,0.338,0.846,1.56,-0.83,0.26,9.37,17.24,17.5,-4.66,2022
AU,Precious Metals,2023-01-04,19.31,6.0,0.335,0.851,1.46,2.99,4.31,2.2,-1.31,9.36,-3.93,2023
AU,Precious Metals,2024-02-01,17.09,6.13,0.601,0.781,1.8,-4.55,-8.93,-1.98,4.28,4.49,-11.82,2024
AU,Precious Metals,2025-09-02,56.59,2.61,0.619,0.786,2.14,6.5,12.83,19.4,20.97,22.82,-2.51,2025
AVAV,Defence,2023-05-18,109.26,2.75,0.438,0.565,1.25,-15.76,-9.54,-10.35,-14.08,2.86,-19.24,2023
AVAV,Defence,2024-02-27,126.85,3.77,0.621,0.856,1.53,31.77,27.72,14.84,18.85,45.53,-1.11,2024
AVAV,Defence,2024-04-23,158.3,5.73,0.187,0.608,2.39,0.94,13.45,22.72,24.31,25.69,-3.35,2024
AVAV,Defence,2024-06-11,211.35,3.15,0.317,0.851,2.08,3.77,-8.77,-19.42,-17.04,5.99,-23.11,2024
AVAV,Defence,2024-11-11,235.17,3.2,0.474,0.725,1.47,-16.2,-17.88,-17.89,-34.63,-1.37,-34.94,2024
AVAV,Defence,2025-02-04,186.12,7.6,0.523,0.661,1.61,-3.64,-14.66,-17.45,-27.1,1.3,-40.86,2025
AVAV,Defence,2025-04-09,137.72,13.79,0.378,0.877,2.18,4.42,8.15,12.7,22.26,22.71,-2.34,2025
AVAV,Defence,2025-05-27,178.14,5.36,0.351,0.881,1.54,4.5,6.44,5.94,31.89,40.34,-4.4,2025
AVAV,Defence,2025-09-16,265.87,5.91,0.586,0.768,1.41,12.31,18.44,48.62,51.06,57.17,-1.31,2025
AVGO,Technology,2022-07-27,49.53,3.27,0.457,0.814,1.34,3.59,4.29,2.05,0.58,6.21,-1.37,2022
AVGO,Technology,2022-08-18,52.4,3.69,0.561,0.841,1.41,-1.49,-11.9,-6.46,-10.02,-0.51,-13.9,2022
AVGO,Technology,2024-01-19,118.19,5.88,0.433,0.708,2.09,-0.52,1.08,5.96,2.83,7.0,-3.05,2024
AVGO,Technology,2024-02-22,127.34,6.31,0.478,0.759,1.58,-0.34,7.83,-3.27,3.74,10.21,-7.73,2024
AVGO,Technology,2025-06-03,254.79,3.27,0.483,0.695,1.61,-4.76,-2.91,3.28,5.33,8.38,-6.13,2025
AVGO,Technology,2025-10-29,384.44,3.49,0.64,0.851,1.2,-7.0,-7.97,-8.18,3.0,3.6,-14.75,2025
AXP,Financial,2021-10-22,177.53,5.42,0.547,0.896,1.94,-7.11,-5.55,-2.77,-7.24,0.07,-8.24,2021
BA,Defence,2022-01-04,213.63,2.78,0.563,0.883,1.29,1.12,1.61,-9.06,-2.86,7.51,-13.98,2022
BA,Defence,2022-12-21,196.0,4.09,0.341,0.837,1.39,-3.62,8.67,9.25,7.13,10.53,-5.76,2022
BA,Defence,2023-01-04,203.64,4.22,0.529,0.874,1.44,2.16,1.69,4.46,2.8,7.53,-1.4,2023
BA,Defence,2025-05-13,203.42,2.46,0.647,0.891,1.57,2.09,-0.94,4.21,5.2,7.56,-2.3,2025
BA,Defence,2026-01-02,227.77,4.91,0.543,0.893,1.49,2.97,8.74,9.07,2.3,11.67,-1.17,2026
BA,Defence,2026-01-13,244.55,1.98,0.607,0.814,1.64,2.26,-1.21,-3.52,-3.39,4.01,-6.37,2026
BAC,Financial,2023-06-02,26.77,3.35,0.549,0.858,1.4,1.95,1.67,-2.16,1.71,3.8,-3.9,2023
BAC,Financial,2023-12-13,30.37,4.23,0.485,0.873,1.45,2.93,5.74,7.46,2.37,8.27,-0.25,2023
BAC,Financial,2024-05-31,38.17,3.52,0.561,0.865,1.85,0.08,-1.28,0.68,0.66,1.49,-3.54,2024
BG,Agricultural,2021-10-27,80.22,3.86,0.622,0.89,2.57,0.93,1.85,6.11,3.01,7.03,-1.69,2021
BG,Agricultural,2022-05-31,106.34,3.14,0.566,0.86,1.74,-4.66,-11.81,-21.35,-22.68,0.57,-27.74,2022
BG,Agricultural,2024-04-19,103.01,2.83,0.559,0.769,1.94,-6.2,-7.64,-3.19,-5.25,0.58,-8.42,2024
BG,Agricultural,2025-05-13,80.43,3.44,0.502,0.876,1.66,-2.19,-3.43,-9.26,-8.19,1.06,-10.38,2025
BIOX,Agricultural,2021-11-11,14.0,7.28,0.565,0.652,25.03,12.93,7.43,-0.71,0.71,17.36,-8.14,2021
BIOX,Agricultural,2022-04-29,14.6,21.97,0.586,0.714,11.38,-7.74,-10.07,-2.26,-1.1,1.64,-16.1,2022
BIOX,Agricultural,2022-10-25,13.78,5.59,0.465,0.63,1.28,4.64,-0.29,1.38,-0.07,8.85,-7.18,2022
BIOX,Agricultural,2024-05-07,12.8,4.07,0.634,0.838,1.9,-6.25,-13.2,-13.28,-17.11,2.97,-17.66,2024
BIOX,Agricultural,2024-07-16,11.53,3.41,0.632,0.731,1.46,-4.42,-5.2,-12.32,-12.23,2.17,-15.78,2024
BIOX,Agricultural,2025-05-09,4.71,5.37,0.543,0.447,1.34,-1.27,-1.7,1.91,3.18,9.87,-8.49,2025
BIOX,Agricultural,2025-05-27,5.16,11.45,0.589,0.781,2.4,-3.1,-7.95,-9.3,-11.05,0.29,-16.67,2025
BKR,Energy,2023-09-01,34.8,1.71,0.369,0.777,1.61,-0.19,-0.95,-2.47,-6.11,2.09,-7.39,2023
BKR,Energy,2024-07-26,36.3,5.82,0.581,0.877,1.93,-5.07,-6.28,-6.63,-5.88,3.72,-9.41,2024
BKR,Energy,2024-11-06,41.69,10.78,0.472,0.889,2.35,0.77,3.67,2.04,-0.54,5.69,-2.13,2024
BKR,Energy,2025-09-04,45.93,2.93,0.467,0.711,1.51,1.4,2.07,8.16,4.49,9.95,-2.98,2025
BKR,Energy,2025-09-23,48.52,2.64,0.645,0.847,1.6,-0.43,-0.72,-8.38,-4.46,4.09,-10.24,2025
BMY,Healthcare,2023-01-19,64.33,2.23,0.318,0.862,1.2,-1.03,-1.33,-3.06,-3.93,1.94,-5.36,2023
BMY,Healthcare,2024-09-24,47.43,1.86,0.644,0.729,1.7,3.85,4.18,4.73,4.73,8.03,-3.59,2024
BMY,Healthcare,2024-10-31,52.51,5.91,0.42,0.845,2.18,-1.9,4.9,4.41,6.19,9.52,-3.23,2024
BMY,Healthcare,2024-11-11,56.32,10.49,0.641,0.853,3.03,-5.05,-1.74,-1.89,-2.84,1.44,-6.69,2024
BMY,Healthcare,2025-12-03,50.36,5.62,0.632,0.825,1.97,0.49,5.08,7.36,6.15,8.01,-1.43,2025
BMY,Healthcare,2026-02-04,57.62,2.91,0.533,0.881,1.72,4.01,4.65,6.04,5.41,9.15,0.66,2026
BSX,Healthcare,2022-07-27,40.31,6.19,0.376,0.889,2.63,3.25,3.85,5.26,2.08,6.18,-0.67,2022
BSX,Healthcare,2022-09-08,42.71,2.99,0.435,0.848,1.77,-1.19,-7.98,-7.89,-4.82,1.9,-11.64,2022
BSX,Healthcare,2022-11-30,45.27,1.73,0.635,0.829,1.65,0.8,4.22,1.79,2.39,5.92,-1.02,2022
BSX,Healthcare,2023-12-29,57.81,2.72,0.49,0.839,1.89,1.06,4.22,4.86,6.24,6.33,-1.21,2023
CAG,Agricultural,2023-12-13,26.65,2.8,0.616,0.751,1.86,-6.83,-6.14,-7.33,-4.89,0.82,-7.82,2023
CCJ,Basic Materials,2022-01-05,23.95,2.28,0.467,0.841,3.69,-1.41,-11.5,-23.82,-20.93,2.56,-25.43,2022
CCJ,Basic Materials,2022-06-07,26.74,8.13,0.496,0.885,3.04,-17.52,-21.56,-19.41,-17.52,4.74,-24.67,2022
CCJ,Basic Materials,2022-07-27,24.9,8.74,0.47,0.79,2.54,-1.91,1.35,-2.59,7.44,8.71,-12.61,2022
CCJ,Basic Materials,2023-04-28,27.33,3.31,0.509,0.847,2.07,0.25,0.8,-2.07,-0.51,5.71,-3.53,2023
CCJ,Basic Materials,2023-07-18,32.75,4.14,0.523,0.862,1.59,1.79,4.86,3.22,2.88,6.98,-4.13,2023
CCJ,Basic Materials,2024-04-01,46.57,7.92,0.443,0.868,1.76,4.28,3.36,1.16,5.71,12.6,-2.22,2024
CCJ,Basic Materials,2025-01-22,56.21,5.15,0.555,0.818,2.14,-11.1,-10.6,-11.88,-17.37,3.57,-18.48,2025
CCJ,Basic Materials,2026-01-02,98.56,7.73,0.586,0.695,1.51,9.13,18.14,23.03,21.97,37.22,-2.16,2026
CDE,Precious Metals,2022-04-13,5.29,8.4,0.645,0.822,1.31,-10.78,-29.49,-26.84,-41.4,2.08,-43.1,2022
CDE,Precious Metals,2022-11-08,4.32,6.67,0.648,0.837,1.45,-18.06,-21.3,-18.98,-19.68,0.0,-27.55,2022
CDE,Precious Metals,2025-05-08,6.97,21.64,0.642,0.861,2.08,6.31,10.76,15.93,34.43,39.02,-0.29,2025
CF,Agricultural,2022-08-25,108.48,4.36,0.616,0.712,2.05,-12.76,-11.69,-16.02,-20.11,1.87,-21.35,2022
CF,Agricultural,2025-06-13,98.23,6.5,0.502,0.893,2.69,-3.4,-7.94,-2.81,-4.03,4.52,-9.86,2025
CFG,Financial,2023-12-13,28.86,7.61,0.537,0.887,1.66,2.66,6.44,5.8,0.32,10.11,-0.19,2023
CFG,Financial,2025-08-22,49.96,4.77,0.535,0.767,1.38,2.97,1.83,1.12,3.51,5.92,-0.79,2025
CL,Consumer non cyclical,2022-11-30,71.71,1.99,0.532,0.824,1.7,0.09,2.4,1.95,2.44,3.82,-1.02,2022
CLF,Basic Materials,2022-12-22,16.92,11.83,0.504,0.861,2.32,-4.79,7.45,23.64,19.33,27.42,-5.85,2022
CLF,Basic Materials,2023-07-25,17.58,6.48,0.564,0.857,3.53,0.51,-9.44,-11.49,-14.51,0.74,-17.58,2023
CLF,Basic Materials,2023-12-01,18.26,6.41,0.34,0.762,2.43,-4.82,2.41,13.58,8.27,17.25,-6.46,2023
CLF,Basic Materials,2023-12-14,18.87,4.37,0.437,0.829,1.79,10.7,8.21,2.17,-4.19,13.46,-4.72,2023
CLF,Basic Materials,2025-02-10,11.84,17.93,0.436,0.868,5.0,1.52,-8.87,-20.02,-23.82,3.55,-28.21,2025
CLF,Basic Materials,2025-09-05,11.39,8.27,0.55,0.676,1.42,2.55,1.93,8.6,11.94,14.84,-6.67,2025
CLF,Basic Materials,2026-01-14,13.96,4.49,0.609,0.79,1.38,2.72,1.79,-0.79,-22.92,9.96,-25.36,2026
COF,Financial,2023-07-18,111.08,2.33,0.472,0.729,1.44,-1.34,0.35,-0.75,-7.4,2.49,-8.51,2023
COF,Financial,2025-01-15,187.56,3.23,0.595,0.864,1.78,7.0,7.31,8.37,3.48,9.41,-1.67,2025
COF,Financial,2026-01-06,256.96,2.97,0.457,0.896,1.68,-10.29,-10.44,-15.33,-12.59,0.3,-16.81,2026
COP,Energy,2023-09-01,112.82,2.61,0.44,0.853,1.65,-1.39,1.92,-0.88,-3.65,3.18,-4.58,2023
CRM,Technology,2023-03-02,184.35,11.5,0.419,0.875,4.86,-4.22,0.38,0.46,5.36,6.21,-8.89,2023
CRM,Technology,2023-05-09,198.76,1.66,0.432,0.63,1.56,1.68,2.71,11.03,2.26,11.84,-1.31,2023
CRM,Technology,2023-08-31,218.8,2.99,0.474,0.894,4.28,1.49,-3.09,-6.79,-8.43,2.42,-9.89,2023
CRM,Technology,2023-11-07,209.3,2.13,0.587,0.855,1.34,4.41,5.89,8.74,17.6,24.35,-1.42,2023
CRM,Technology,2024-01-19,277.51,2.34,0.469,0.811,1.57,-0.33,1.7,3.71,3.15,5.11,-1.84,2024
CRM,Technology,2024-02-26,296.78,2.59,0.448,0.86,2.0,4.74,1.87,0.17,2.02,6.1,-2.08,2024
CRM,Technology,2024-05-15,284.46,3.88,0.296,0.843,1.37,-1.29,-24.18,-15.57,-20.35,0.86,-26.27,2024
CRM,Technology,2024-11-06,304.56,3.16,0.305,0.689,1.6,11.35,6.13,7.53,17.75,20.23,-0.29,2024
CRM,Technology,2025-01-27,344.85,3.96,0.569,0.718,3.34,-2.26,-5.73,-5.23,-11.88,5.76,-13.39,2025
CSCO,Technology,2021-08-19,50.26,3.84,0.646,0.88,3.02,3.37,3.95,1.08,-0.73,5.24,-1.4,2021
CSCO,Technology,2021-11-02,50.9,2.71,0.601,0.865,1.61,-0.31,-1.08,-4.03,-4.49,1.75,-11.35,2021
CSCO,Technology,2022-08-18,44.57,5.81,0.533,0.865,2.29,-4.25,-8.26,-7.29,-12.29,0.18,-13.33,2022
CSCO,Technology,2023-07-19,48.88,2.32,0.509,0.869,1.36,1.51,0.29,1.07,1.01,3.26,-1.32,2023
CSCO,Technology,2025-08-06,68.43,2.5,0.48,0.863,1.41,1.72,-3.03,-1.11,-1.76,4.83,-5.0,2025
CTVA,Agricultural,2022-08-05,55.6,4.85,0.648,0.604,2.39,6.93,6.19,7.9,6.03,10.41,1.93,2022
CVX,Energy,2022-07-29,140.61,8.9,0.38,0.795,2.04,-6.19,-2.4,-2.84,0.68,2.36,-9.01,2022
CVX,Energy,2024-11-01,143.41,2.86,0.31,0.843,2.0,2.52,5.46,7.15,7.05,8.68,-0.34,2024
DG,Consumer cyclical,2023-11-30,124.82,1.74,0.495,0.649,2.35,0.9,-0.08,-0.79,3.68,6.61,-6.57,2023
DG,Consumer cyclical,2024-02-16,135.29,4.78,0.585,0.785,2.29,-1.92,4.9,12.6,10.07,18.78,-2.7,2024
DG,Consumer cyclical,2024-05-16,140.68,3.92,0.419,0.806,1.77,-5.1,-6.6,-13.63,-14.19,0.82,-16.63,2024
DG,Consumer cyclical,2025-02-18,73.41,3.4,0.537,0.819,1.24,4.73,-2.81,4.81,8.5,13.39,-6.69,2025
DG,Consumer cyclical,2025-05-19,96.68,4.95,0.618,0.741,1.35,2.85,14.66,13.3,15.42,17.24,-2.08,2025
DG,Consumer cyclical,2025-07-07,114.53,1.92,0.223,0.84,1.35,-1.14,-7.01,-8.56,-4.12,-0.27,-9.69,2025
DHR,Healthcare,2023-12-13,224.24,3.24,0.578,0.882,1.35,-0.02,2.87,1.62,-0.61,6.59,-0.84,2023
DHR,Healthcare,2024-09-09,270.8,2.59,0.311,0.719,1.68,1.08,0.02,1.9,-1.48,2.49,-2.28,2024
DIS,Communications,2022-07-20,100.97,3.75,0.45,0.87,1.36,0.15,5.49,8.79,18.83,22.38,-3.67,2022
DIS,Communications,2025-06-10,117.43,2.65,0.218,0.824,1.99,-0.51,1.01,4.02,2.82,5.47,-3.12,2025
DOW,Basic Materials,2021-08-27,50.28,2.72,0.591,0.852,1.5,-3.96,-6.12,-13.14,-7.71,1.0,-14.64,2021
DOW,Basic Materials,2022-04-19,53.4,1.78,0.632,0.769,1.29,0.48,1.64,-1.85,4.35,7.17,-2.64,2022
DOW,Basic Materials,2025-09-11,24.37,4.99,0.341,0.802,2.11,-3.64,-11.27,-5.32,-11.75,3.0,-12.83,2025
DUOL,Technology,2024-09-11,223.18,2.8,0.463,0.791,1.29,12.12,28.84,27.89,30.82,33.33,0.01,2024
DUOL,Technology,2024-09-25,287.54,6.58,0.553,0.868,3.44,-0.74,1.54,-0.36,-2.65,3.28,-5.04,2024
DUOL,Technology,2024-10-30,299.97,1.75,0.251,0.802,2.15,6.29,7.82,10.39,15.89,21.66,-4.88,2024
DUOL,Technology,2025-04-23,370.0,10.01,0.451,0.831,1.35,5.26,33.94,46.13,39.0,47.28,-1.92,2025
DVN,Energy,2021-11-24,36.07,3.8,0.531,0.801,1.32,-7.76,-4.35,-8.78,-4.96,1.02,-19.65,2021
DVN,Energy,2022-08-11,54.32,7.34,0.578,0.839,1.32,5.37,14.37,5.74,8.73,16.77,-4.75,2022
DVN,Energy,2023-09-01,48.15,3.58,0.497,0.863,1.4,-4.04,-5.55,-9.35,-12.9,2.93,-13.47,2023
DVN,Energy,2025-02-19,36.36,7.71,0.555,0.783,2.65,-5.62,-10.41,-7.51,-3.36,3.49,-12.94,2025
DXCM,Healthcare,2021-07-30,128.88,13.04,0.458,0.768,4.33,0.22,-4.67,0.68,1.01,2.48,-5.53,2021
DXCM,Healthcare,2021-09-01,136.23,2.93,0.438,0.819,1.49,1.42,3.71,5.1,0.36,6.25,-4.04,2021
DXCM,Healthcare,2022-12-08,122.67,4.04,0.383,0.856,2.24,-5.24,-7.33,-7.69,-10.28,1.17,-12.4,2022
DXCM,Healthcare,2023-04-19,124.12,4.36,0.492,0.72,1.49,0.65,-5.48,-1.25,-4.46,1.87,-7.34,2023
DXCM,Healthcare,2024-01-08,129.63,4.56,0.315,0.667,1.45,-3.99,-1.94,-6.82,-3.63,1.85,-7.78,2024
DXCM,Healthcare,2025-06-24,87.57,9.68,0.555,0.816,3.28,-4.56,-3.08,-3.93,-1.3,0.21,-5.79,2025
DXCM,Healthcare,2025-12-10,67.56,1.85,0.608,0.878,1.58,-2.68,-0.21,-1.51,-0.24,4.97,-3.51,2025
DXCM,Healthcare,2026-01-12,70.98,5.31,0.418,0.729,2.38,-0.35,3.79,0.92,-3.97,7.04,-4.38,2026
DXCM,Healthcare,2026-01-22,73.92,2.51,0.527,0.854,2.4,0.11,-5.45,-11.96,-1.14,1.95,-14.96,2026
ECL,Basic Materials,2023-05-02,168.89,3.26,0.502,0.893,1.87,-0.82,-0.99,-3.87,-5.3,3.15,-5.89,2023
ECL,Basic Materials,2024-01-18,195.97,1.53,0.338,0.868,1.21,-0.92,-0.21,1.21,7.99,10.52,-2.48,2024
EMR,Industrial,2023-08-02,90.43,3.83,0.496,0.842,3.19,0.95,1.46,2.12,3.87,4.73,-0.51,2023
EMR,Industrial,2024-11-05,114.78,7.16,0.328,0.808,3.34,9.12,10.56,13.49,14.63,15.07,4.64,2024
EMR,Industrial,2026-01-05,142.3,5.18,0.592,0.899,2.4,1.76,1.66,3.37,6.48,7.83,-1.01,2026
EOG,Energy,2021-09-13,56.19,4.39,0.523,0.786,1.41,2.05,16.72,23.27,28.63,32.79,-1.31,2021
EOG,Energy,2022-08-18,102.39,4.66,0.614,0.814,1.39,5.24,-0.24,3.67,3.33,9.05,-2.88,2022
EOG,Energy,2023-09-05,121.77,1.84,0.379,0.774,1.68,0.52,-3.29,-4.88,-6.86,1.99,-8.9,2023
EQX,Precious Metals,2022-01-19,7.36,9.02,0.403,0.827,2.28,-18.86,-20.35,-18.32,-11.8,0.68,-25.78,2022
EQX,Precious Metals,2023-01-04,4.0,11.73,0.545,0.89,1.6,2.0,10.0,19.25,11.75,22.5,-5.5,2023
EQX,Precious Metals,2023-11-03,4.88,7.25,0.525,0.871,2.01,-6.56,-3.69,4.3,11.07,15.37,-8.2,2023
EQX,Precious Metals,2023-11-21,4.92,4.02,0.621,0.652,1.59,10.37,7.32,-0.61,0.61,14.43,-9.35,2023
EQX,Precious Metals,2025-12-11,14.67,2.09,0.639,0.704,1.38,-6.27,0.89,-2.66,-1.63,2.86,-9.26,2025
ETN,Industrial,2022-07-21,130.12,2.61,0.49,0.83,1.22,6.49,8.28,9.41,12.27,12.61,-1.47,2022
ETN,Industrial,2023-08-01,211.81,6.66,0.507,0.882,2.6,0.95,-0.09,-0.39,4.56,4.91,-2.77,2023
ETN,Industrial,2024-01-19,238.46,1.87,0.629,0.786,1.26,0.53,10.43,13.64,13.46,14.04,-2.22,2024
ETN,Industrial,2024-09-19,323.71,4.54,0.608,0.803,1.51,1.25,-0.6,2.44,5.95,6.33,-1.37,2024
ETN,Industrial,2024-11-06,354.49,6.43,0.435,0.878,2.42,2.92,0.36,3.56,3.3,5.79,-1.6,2024
ETN,Industrial,2025-06-16,335.98,4.43,0.271,0.667,1.86,1.55,5.04,6.44,7.36,9.8,-4.03,2025
ETN,Industrial,2025-09-12,364.76,1.62,0.443,0.858,1.61,2.35,-0.09,2.07,0.87,5.94,-1.81,2025
EW,Healthcare,2022-07-28,107.29,1.59,0.621,0.836,1.42,-2.27,-3.14,-7.25,-9.92,-0.1,-12.85,2022
EW,Healthcare,2023-04-19,86.5,2.55,0.532,0.768,2.19,1.05,1.85,2.72,1.34,3.72,-4.05,2023
EW,Healthcare,2024-01-31,78.47,6.18,0.411,0.783,3.02,10.37,9.65,11.66,8.16,14.95,-1.73,2024
FANG,Energy,2023-09-01,140.09,1.9,0.331,0.895,1.53,-1.36,1.03,-1.31,-2.88,2.73,-3.82,2023
FCX,Basic Materials,2021-07-29,36.07,4.88,0.538,0.829,1.25,-6.81,-0.21,-15.73,-10.22,1.9,-17.73,2021
FCX,Basic Materials,2023-01-06,40.42,6.12,0.575,0.814,1.54,6.91,6.67,4.37,1.92,10.89,0.05,2023
FCX,Basic Materials,2025-06-05,41.3,2.03,0.359,0.69,1.49,-1.22,-3.53,5.23,8.25,11.99,-4.41,2025
FCX,Basic Materials,2025-06-26,44.05,6.85,0.612,0.885,1.87,3.01,4.27,1.1,1.3,10.48,-3.06,2025
FCX,Basic Materials,2025-09-03,45.93,2.83,0.504,0.675,1.21,-2.88,-2.42,-18.48,-15.41,1.75,-23.93,2025
FMC,Agricultural,2021-12-08,94.29,1.56,0.444,0.756,1.22,-2.82,-1.17,1.06,-0.32,3.76,-7.65,2021
FMC,Agricultural,2022-11-30,115.39,2.29,0.601,0.886,1.55,-2.08,-2.95,-4.25,-3.92,2.86,-6.34,2022
FMC,Agricultural,2023-12-14,54.49,4.28,0.355,0.831,1.61,3.1,5.65,3.18,-4.43,10.27,-6.07,2023
FMC,Agricultural,2024-07-17,57.68,4.57,0.478,0.776,1.34,-8.07,-5.8,-1.13,-0.86,10.65,-9.27,2024
FSM,Precious Metals,2022-11-08,3.19,7.77,0.5,0.899,1.55,10.34,13.79,16.93,22.57,24.76,-5.33,2022
FSM,Precious Metals,2024-07-10,5.28,6.88,0.282,0.751,1.3,-1.52,-7.2,-8.52,-21.21,3.6,-26.89,2024
FTV,Industrial,2021-09-09,56.02,2.28,0.387,0.717,2.64,-2.07,-2.86,-6.88,-5.74,0.96,-8.52,2021
FTV,Industrial,2022-05-04,46.45,5.24,0.619,0.832,1.88,-8.18,-7.85,-5.69,0.8,0.84,-10.09,2022
FTV,Industrial,2022-07-27,44.12,2.2,0.582,0.675,1.73,9.71,12.02,14.35,10.82,16.08,0.84,2022
FTV,Industrial,2023-07-26,57.15,3.48,0.354,0.78,2.12,2.01,2.83,2.58,1.37,4.12,-1.84,2023
FTV,Industrial,2023-12-14,54.53,2.64,0.426,0.827,2.24,-0.67,0.77,-1.3,-2.33,1.26,-3.2,2023
FTV,Industrial,2024-01-22,55.01,1.99,0.49,0.722,1.44,1.33,11.63,12.79,13.61,15.78,-0.45,2024
FTV,Industrial,2024-03-12,64.39,1.57,0.303,0.805,1.23,-0.97,-1.52,-1.69,-3.45,1.04,-4.06,2024
GD,Defence,2024-04-01,280.36,3.21,0.644,0.777,2.15,0.54,-1.85,0.41,-0.8,1.7,-5.45,2024
GE,Industrial,2021-10-26,65.49,2.03,0.53,0.816,1.75,-0.7,3.58,-3.81,-4.99,8.13,-7.69,2021
GE,Industrial,2022-01-04,60.62,3.25,0.383,0.791,1.41,2.44,1.26,-10.11,-1.34,4.39,-11.39,2022
GE,Industrial,2023-03-09,71.93,5.27,0.478,0.806,4.84,0.45,0.03,2.72,2.23,6.89,-5.58,2023
GE,Industrial,2023-12-15,96.95,1.55,0.392,0.845,2.69,2.81,2.27,4.57,3.03,6.21,-0.11,2023
GE,Industrial,2024-07-23,170.25,5.68,0.624,0.887,3.22,-2.63,-5.66,-2.35,-1.17,1.59,-12.67,2024
GE,Industrial,2024-09-13,176.46,5.06,0.57,0.812,1.83,5.13,4.14,5.09,7.38,7.73,-1.13,2024
GE,Industrial,2025-05-27,240.51,3.86,0.519,0.772,1.51,2.93,0.09,-2.49,3.36,6.49,-3.95,2025
GIS,Consumer non cyclical,2023-03-23,73.02,2.85,0.52,0.878,1.94,3.42,6.44,6.03,7.12,8.08,-0.05,2023
GOOG,Communications,2021-07-23,136.69,3.37,0.609,0.867,1.34,-1.88,-0.57,0.43,0.45,1.59,-2.64,2021
GOOG,Communications,2021-08-27,143.37,1.71,0.494,0.794,1.5,0.16,-0.75,-3.83,-2.11,1.57,-5.19,2021
GOOG,Communications,2022-03-18,135.69,1.64,0.44,0.891,1.54,3.45,2.85,-2.04,-6.46,5.38,-7.47,2022
GOOG,Communications,2023-01-19,93.15,2.32,0.471,0.883,1.33,5.59,15.86,1.65,1.99,15.88,-1.34,2023
GOOG,Communications,2023-05-10,111.37,4.02,0.411,0.858,2.04,8.19,8.34,10.77,9.25,15.38,2.36,2023
GOOG,Communications,2023-08-29,134.39,2.81,0.416,0.816,1.61,-0.09,1.48,-0.66,-2.97,3.28,-5.39,2023
GOOG,Communications,2024-01-19,146.77,2.06,0.568,0.873,1.51,3.93,-2.99,1.52,-4.2,4.89,-6.62,2024
GOOG,Communications,2024-04-26,172.28,9.97,0.352,0.855,2.92,-2.71,-1.96,2.07,1.52,3.6,-5.29,2024
GOOG,Communications,2024-10-29,170.16,1.66,0.423,0.834,2.14,0.16,7.12,4.93,-0.3,7.53,-3.41,2024
GOOG,Communications,2025-02-04,206.76,2.5,0.534,0.86,1.75,-9.94,-9.91,-15.89,-15.75,-6.34,-19.34,2025
GOOG,Communications,2025-08-22,206.26,3.04,0.511,0.813,1.28,3.29,13.38,21.9,22.44,24.29,-0.37,2025
GOOG,Communications,2025-09-03,230.58,9.01,0.503,0.784,3.78,3.75,8.21,7.34,6.34,11.18,-1.88,2025
GOOG,Communications,2025-10-27,269.56,3.62,0.463,0.876,1.23,5.26,7.65,5.81,17.98,18.48,-1.02,2025
GOOG,Communications,2026-01-07,322.2,2.51,0.445,0.793,1.3,4.3,2.61,5.03,2.76,8.6,-4.81,2026
HAL,Energy,2021-09-27,20.26,5.43,0.593,0.848,1.55,3.97,11.47,17.48,18.43,20.82,-3.12,2021
HAL,Energy,2022-04-18,38.32,2.16,0.558,0.759,1.29,-15.15,-13.64,-19.88,-9.77,2.31,-20.03,2022
HAL,Energy,2022-08-18,27.53,5.78,0.404,0.817,1.22,6.84,-2.98,-0.17,-5.12,8.41,-6.87,2022
HAL,Energy,2023-07-07,33.39,7.79,0.628,0.836,1.75,3.68,3.82,7.25,11.16,12.7,-0.98,2023
HAL,Energy,2025-12-05,28.31,2.23,0.519,0.813,1.37,0.6,-2.57,-1.05,8.37,16.1,-5.83,2025
HD,Consumer cyclical,2021-08-11,299.8,1.67,0.561,0.803,1.23,-4.58,-3.89,-3.48,-1.05,0.35,-6.05,2021
HD,Consumer cyclical,2022-08-16,297.57,4.06,0.468,0.814,3.56,-6.26,-10.47,-8.54,-15.04,0.65,-16.01,2022
HD,Consumer cyclical,2025-05-12,367.31,3.83,0.598,0.761,1.32,0.74,-1.64,-0.93,-1.7,3.49,-4.1,2025
HII,Defence,2022-04-14,204.25,4.57,0.434,0.843,1.43,-0.22,-4.46,-2.88,-8.48,2.39,-10.32,2022
HII,Defence,2024-01-18,248.15,2.11,0.452,0.759,1.52,-2.23,2.93,4.59,9.53,9.58,-3.24,2024
HII,Defence,2025-04-11,211.79,7.39,0.637,0.821,2.04,0.98,5.84,8.08,6.49,10.32,-1.97,2025
HII,Defence,2025-07-31,275.41,7.87,0.479,0.869,5.0,-4.45,-4.09,-4.44,-1.29,0.0,-7.12,2025
HL,Precious Metals,2022-01-19,5.66,11.8,0.372,0.861,2.7,-14.53,-14.53,-8.82,-5.36,2.25,-20.76,2022
HL,Precious Metals,2024-07-11,5.89,7.43,0.538,0.812,1.71,1.35,-3.37,-10.12,-15.51,7.08,-25.63,2024
HON,Industrial,2022-07-28,165.79,3.69,0.577,0.856,1.56,1.05,4.76,7.51,5.77,7.79,-1.39,2022
HON,Industrial,2024-12-16,216.6,3.68,0.274,0.813,2.29,-3.75,-4.28,-6.71,-5.64,0.98,-9.07,2024
HON,Industrial,2025-06-30,215.98,1.76,0.466,0.858,1.26,2.97,1.04,1.59,-4.79,3.8,-5.0,2025
HWM,Defence,2025-10-23,199.87,4.64,0.554,0.83,1.32,0.83,2.81,0.66,-1.03,5.92,-1.67,2025
IPI,Agricultural,2021-06-24,31.95,6.36,0.445,0.773,2.0,1.53,-1.31,-8.26,-4.54,6.42,-14.15,2021
IPI,Agricultural,2022-08-23,49.97,12.17,0.363,0.725,3.27,-4.42,-11.35,-8.73,-15.83,13.39,-20.83,2022
IPI,Agricultural,2022-10-21,45.7,7.3,0.412,0.742,1.39,-0.96,-20.77,-20.33,-23.41,2.58,-27.99,2022
IPI,Agricultural,2023-07-07,25.4,9.25,0.465,0.857,2.82,-5.12,0.47,7.91,6.77,11.1,-7.01,2023
IPI,Agricultural,2023-07-18,26.05,7.51,0.617,0.85,1.38,-0.88,4.07,2.26,-2.11,8.64,-9.33,2023
IPI,Agricultural,2024-07-16,25.62,3.64,0.491,0.753,1.89,2.19,2.77,-9.25,-15.42,6.21,-19.01,2024
IPI,Agricultural,2024-09-17,25.28,4.33,0.548,0.793,1.36,-5.58,-5.5,-5.66,-6.72,0.71,-10.09,2024
IPI,Agricultural,2024-10-28,26.03,5.26,0.574,0.742,2.21,2.65,6.57,3.11,8.68,14.29,-4.53,2024
IPI,Agricultural,2025-12-11,27.53,6.05,0.519,0.752,2.07,-3.31,3.38,0.69,14.02,17.4,-5.41,2025
IPI,Agricultural,2026-02-27,36.97,6.11,0.49,0.871,2.36,15.04,22.42,4.84,,,,2026
IR,Industrial,2023-06-02,61.2,5.52,0.582,0.891,1.59,1.79,5.15,3.03,6.32,7.12,-2.05,2023
IR,Industrial,2023-12-14,75.15,2.18,0.356,0.786,1.22,0.65,2.7,0.54,3.51,3.8,-1.73,2023
IR,Industrial,2024-11-06,102.84,5.4,0.564,0.899,1.83,1.33,0.15,1.06,-0.0,2.98,-3.03,2024
IR,Industrial,2025-07-01,85.24,2.55,0.567,0.709,1.3,2.81,0.97,1.79,0.54,6.03,-2.03,2025
ISRG,Healthcare,2022-11-30,270.39,4.48,0.418,0.894,1.7,-0.9,3.79,-1.56,-0.96,5.44,-4.67,2022
ISRG,Healthcare,2022-12-13,281.74,2.88,0.227,0.771,1.71,-7.08,-7.13,-4.66,-8.8,1.19,-9.65,2022
ISRG,Healthcare,2023-06-14,323.07,2.42,0.411,0.868,1.58,1.41,4.77,2.54,9.57,10.0,-0.81,2023
ISRG,Healthcare,2023-12-19,335.72,2.22,0.361,0.765,1.45,0.52,-3.71,7.92,11.65,12.27,-4.61,2023
ISRG,Healthcare,2024-03-01,397.9,3.19,0.293,0.831,1.6,-1.52,-0.41,-0.96,-0.76,1.47,-5.35,2024
ITW,Industrial,2021-11-12,215.9,2.07,0.547,0.859,1.32,1.4,-0.2,0.28,2.03,2.58,-3.28,2021
ITW,Industrial,2023-07-28,245.12,1.72,0.399,0.895,1.36,-5.14,-8.68,-9.32,-7.48,1.61,-9.96,2023
ITW,Industrial,2025-07-01,251.99,3.21,0.645,0.81,1.54,1.79,0.64,3.15,-0.6,3.69,-1.5,2025
JPM,Financial,2023-12-14,156.14,1.82,0.506,0.861,1.68,2.14,3.73,5.54,3.07,8.18,-0.98,2023
JPM,Financial,2025-06-18,270.11,1.65,0.39,0.758,1.32,5.4,8.57,5.21,6.83,8.71,-0.68,2025
KGC,Precious Metals,2021-09-03,5.7,2.48,0.572,0.843,1.34,-6.14,-12.12,-14.7,-11.79,-0.81,-16.32,2021
KGC,Precious Metals,2022-01-19,5.47,7.85,0.262,0.838,2.2,-7.61,-7.11,-4.4,-0.85,1.35,-12.86,2022
KGC,Precious Metals,2023-01-04,4.31,6.09,0.481,0.777,2.12,0.66,3.53,7.06,1.55,8.17,-3.53,2023
KGC,Precious Metals,2023-05-10,5.33,4.32,0.328,0.834,1.38,-5.05,-12.07,-11.32,-12.59,0.0,-16.76,2023
KHC,Consumer non cyclical,2022-04-13,34.5,2.14,0.624,0.725,1.49,4.76,3.83,2.71,2.5,6.83,-1.69,2022
KHC,Consumer non cyclical,2025-08-29,27.08,2.68,0.445,0.722,2.12,-3.83,-8.37,-5.68,-8.12,-0.21,-9.36,2025
KO,Consumer non cyclical,2022-11-30,57.73,2.53,0.551,0.84,2.54,-0.11,0.6,0.3,0.53,1.71,-2.01,2022
KR,Consumer non cyclical,2021-11-03,39.0,5.53,0.356,0.71,2.0,-1.12,-4.88,-0.46,4.48,6.89,-5.98,2021
KR,Consumer non cyclical,2022-03-01,44.33,3.31,0.629,0.864,1.96,15.22,16.22,17.0,16.63,29.43,-0.54,2022
KR,Consumer non cyclical,2022-04-08,56.54,2.99,0.309,0.814,1.64,-6.24,-8.08,-12.89,-11.08,1.1,-13.83,2022
KR,Consumer non cyclical,2022-08-16,45.42,3.28,0.631,0.867,1.88,1.06,-3.2,1.51,-0.29,5.95,-3.4,2022
KR,Consumer non cyclical,2024-10-23,55.89,2.11,0.374,0.756,1.32,-3.26,3.78,3.4,0.53,4.74,-3.51,2024
KR,Consumer non cyclical,2024-11-06,58.0,4.2,0.448,0.76,2.18,-0.37,-3.14,1.72,2.07,3.18,-4.03,2024
KR,Consumer non cyclical,2025-06-20,70.87,9.84,0.59,0.891,5.15,-0.76,-0.72,0.42,0.07,2.97,-4.64,2025
KTOS,Defence,2023-02-01,11.98,4.63,0.62,0.817,1.69,-4.51,-0.92,-4.26,8.6,14.02,-8.18,2023
KTOS,Defence,2023-02-24,12.98,13.16,0.523,0.781,4.64,0.85,-0.69,-3.39,2.39,5.01,-5.16,2023
KTOS,Defence,2023-10-09,16.81,11.1,0.475,0.816,3.3,3.45,2.14,0.0,4.46,7.32,-2.68,2023
KTOS,Defence,2023-12-13,21.16,1.58,0.624,0.881,1.21,-5.43,-2.69,-13.52,-10.4,1.23,-15.55,2023
KTOS,Defence,2025-05-27,38.12,5.86,0.377,0.64,1.66,2.54,3.1,13.41,11.04,22.04,-5.88,2025
KTOS,Defence,2025-09-15,70.74,2.23,0.502,0.696,1.22,14.11,24.51,41.72,36.1,59.13,0.13,2025
KTOS,Defence,2025-12-22,81.53,8.14,0.499,0.7,1.55,-6.81,12.16,49.02,39.64,64.36,-8.83,2025
LAC,Basic Materials,2025-09-15,3.2,11.89,0.392,0.68,2.33,3.12,79.37,164.06,163.44,196.25,-7.5,2025
LDOS,Defence,2023-08-01,96.97,6.9,0.442,0.869,2.6,-2.98,-2.38,-4.59,-3.15,0.34,-4.99,2023
LDOS,Defence,2024-10-29,183.05,9.5,0.437,0.862,3.63,2.27,8.29,-14.83,-10.63,9.17,-15.66,2024
LDOS,Defence,2025-08-05,171.75,7.45,0.396,0.673,3.04,2.94,3.35,5.44,2.76,6.24,-1.46,2025
LDOS,Defence,2025-09-11,183.85,2.64,0.332,0.843,1.24,1.31,-1.28,4.42,5.05,7.88,-2.99,2025
LIN,Basic Materials,2022-12-13,328.17,1.9,0.248,0.832,1.28,-3.95,-4.83,-10.79,-3.95,0.88,-11.76,2022
LIN,Basic Materials,2025-05-27,461.72,1.97,0.451,0.796,1.93,0.83,1.95,-1.19,-1.34,2.04,-2.9,2025
LIN,Basic Materials,2026-02-04,471.75,2.11,0.476,0.867,1.43,-1.23,3.55,5.32,3.53,7.88,-6.19,2026
LRCX,Technology,2025-06-09,87.66,2.26,0.489,0.788,1.5,5.79,8.57,9.91,13.32,14.77,-0.38,2025
LULU,Consumer non cyclical,2021-08-30,414.52,2.11,0.609,0.722,1.49,-6.77,1.44,2.33,0.0,5.5,-9.2,2021
LULU,Consumer non cyclical,2023-11-29,438.35,2.48,0.632,0.532,1.5,5.09,15.09,15.24,16.17,17.14,0.06,2023
LULU,Consumer non cyclical,2025-05-12,304.2,8.73,0.358,0.635,1.6,6.41,5.59,10.1,-15.02,11.85,-15.38,2025
LULU,Consumer non cyclical,2025-06-03,334.91,3.7,0.637,0.677,1.86,-22.82,-29.77,-30.87,-26.46,1.27,-34.32,2025
LULU,Consumer non cyclical,2025-10-21,181.39,5.2,0.406,0.763,1.58,-0.78,-11.43,-6.38,-9.6,3.04,-11.54,2025
LW,Agricultural,2022-01-06,62.79,7.45,0.588,0.751,4.04,1.8,-4.44,-5.57,-7.12,4.22,-7.99,2022
LW,Agricultural,2022-02-25,63.05,5.05,0.544,0.716,1.21,-14.48,-26.14,-19.55,-15.65,-0.67,-26.72,2022
LW,Agricultural,2023-01-05,90.1,9.77,0.487,0.865,4.19,1.07,0.55,2.37,2.46,4.94,-0.9,2023
LW,Agricultural,2023-09-13,93.73,1.51,0.273,0.878,1.23,-0.97,-7.78,-8.68,-7.32,2.75,-10.45,2023
LW,Agricultural,2023-11-30,94.91,2.56,0.516,0.659,1.87,0.97,4.34,3.93,8.06,8.75,-0.53,2023
LW,Agricultural,2024-05-22,84.89,1.77,0.226,0.671,1.26,-3.54,-3.06,-2.93,-4.42,0.83,-7.25,2024
LW,Agricultural,2025-05-16,52.74,3.98,0.382,0.679,1.38,-6.11,1.84,3.38,2.67,5.82,-7.22,2025
LW,Agricultural,2025-05-30,54.63,2.84,0.42,0.774,1.64,-0.18,-1.76,-3.03,-7.05,2.16,-7.74,2025
LW,Agricultural,2025-09-05,57.18,4.0,0.533,0.594,1.3,-2.72,-4.03,-4.79,8.45,9.91,-9.5,2025
MA,Financial,2022-03-29,358.97,4.87,0.593,0.87,1.29,-1.15,-5.79,-0.48,-1.49,2.23,-6.59,2022
MA,Financial,2022-04-28,370.5,4.77,0.462,0.815,2.14,-6.72,-15.2,-12.3,-7.64,-0.45,-17.44,2022
MA,Financial,2022-11-30,349.66,3.87,0.574,0.852,1.63,-2.52,0.31,-3.01,-2.3,3.61,-5.6,2022
MA,Financial,2023-05-17,380.9,1.78,0.635,0.893,1.38,-4.78,-4.17,-5.02,-2.06,1.34,-7.53,2023
MA,Financial,2024-09-09,482.94,2.3,0.575,0.777,1.23,2.18,2.06,1.38,0.86,3.02,-1.9,2024
MDLZ,Consumer non cyclical,2022-04-28,59.99,3.39,0.575,0.894,1.33,-1.49,-0.82,-7.72,-5.62,2.58,-9.92,2022
MDLZ,Consumer non cyclical,2022-07-01,57.71,2.01,0.546,0.868,1.3,-1.67,-5.18,-0.92,2.45,2.89,-5.3,2022
MDLZ,Consumer non cyclical,2022-11-30,62.01,2.36,0.453,0.858,1.42,0.62,-0.52,-1.06,-0.37,1.77,-3.45,2022
MDLZ,Consumer non cyclical,2023-04-27,68.48,2.06,0.401,0.896,1.45,4.7,6.15,4.67,1.84,6.46,0.77,2023
MDLZ,Consumer non cyclical,2024-09-04,71.93,4.18,0.433,0.817,1.81,-1.22,-0.29,-1.61,-3.36,1.05,-3.71,2024
MDLZ,Consumer non cyclical,2025-06-20,66.68,2.95,0.643,0.865,2.03,-0.78,1.45,-0.29,2.33,3.93,-2.85,2025
MMM,Industrial,2021-11-12,130.13,1.91,0.628,0.797,2.11,-1.62,-3.26,-2.73,-4.17,0.75,-7.13,2021
MMM,Industrial,2022-10-26,90.3,3.54,0.584,0.288,1.41,0.13,0.92,4.92,5.54,9.14,-1.29,2022
MMM,Industrial,2024-04-30,92.65,4.72,0.306,0.692,4.08,-1.01,3.7,6.87,1.79,9.87,-1.55,2024
MMM,Industrial,2025-05-12,147.61,5.42,0.557,0.814,1.42,2.53,-0.07,-0.98,-3.03,2.93,-4.63,2025
MMM,Industrial,2025-09-11,158.08,3.84,0.47,0.828,1.28,-2.55,-4.04,-0.42,-4.13,1.65,-5.08,2025
MO,Consumer non cyclical,2024-10-31,49.03,7.84,0.376,0.84,4.01,-1.69,1.71,2.88,6.02,6.57,-1.89,2024
MO,Consumer non cyclical,2025-01-27,49.05,2.69,0.412,0.868,1.5,-1.12,0.73,-1.31,4.77,5.87,-6.3,2025
MOS,Agricultural,2021-08-09,29.18,3.4,0.586,0.76,1.36,-0.28,-3.99,-0.8,-1.03,5.8,-10.5,2021
MOS,Agricultural,2022-08-24,54.89,6.01,0.62,0.711,1.92,-11.0,-10.53,-11.43,-13.23,4.07,-16.67,2022
MOS,Agricultural,2025-09-24,35.31,5.77,0.386,0.847,1.32,-5.87,-3.17,-17.09,-17.48,2.95,-19.51,2025
MPC,Energy,2022-07-29,84.39,2.31,0.389,0.684,1.42,-1.57,6.34,10.26,14.53,17.23,-3.63,2022
MPC,Energy,2022-11-01,110.41,4.91,0.535,0.716,1.88,-0.08,1.3,6.87,2.83,7.73,-4.97,2022
MPC,Energy,2022-11-22,118.0,5.23,0.422,0.834,1.3,-3.78,-13.9,-12.37,-9.52,0.81,-15.86,2022
MPC,Energy,2025-06-17,167.45,1.98,0.295,0.83,1.74,-2.58,2.58,7.16,2.4,7.66,-3.93,2025
MRK,Healthcare,2022-01-05,69.23,2.43,0.529,0.881,1.41,2.94,2.37,2.16,0.16,4.67,-2.83,2022
MRK,Healthcare,2024-09-05,111.8,2.41,0.423,0.797,1.55,-2.82,-0.49,-4.0,-6.47,1.44,-6.77,2024
MRK,Healthcare,2025-11-11,89.52,4.84,0.505,0.859,1.5,6.03,16.17,12.45,7.33,16.37,-0.05,2025
MRK,Healthcare,2026-02-02,112.54,2.81,0.48,0.89,1.43,3.78,7.23,9.31,5.7,10.38,-1.7,2026
MRVL,Technology,2022-07-20,52.94,3.07,0.555,0.896,1.42,-1.29,8.46,2.44,-1.92,8.85,-8.77,2022
MRVL,Technology,2024-05-16,72.68,4.18,0.607,0.732,1.81,2.65,-5.84,-6.96,0.26,7.33,-9.55,2024
MRVL,Technology,2024-10-14,77.38,4.96,0.448,0.857,1.25,5.34,7.42,8.63,18.76,22.41,0.37,2024
MRVL,Technology,2025-05-12,64.36,8.13,0.588,0.821,1.23,-3.01,-1.05,-3.32,6.73,10.45,-9.13,2025
MRVL,Technology,2025-07-30,81.63,7.07,0.511,0.758,2.86,-7.85,-2.96,-12.87,-8.5,1.85,-16.15,2025
MS,Financial,2022-11-30,83.63,2.18,0.52,0.829,1.74,-6.22,-2.76,-6.66,-8.41,2.25,-9.68,2022
MS,Financial,2023-12-08,76.8,2.4,0.628,0.819,1.42,11.3,12.31,14.12,11.89,14.43,-0.39,2023
MS,Financial,2024-03-04,84.87,4.12,0.431,0.875,2.83,-3.44,-2.31,1.22,2.97,5.21,-6.23,2024
MS,Financial,2025-09-09,150.47,2.31,0.618,0.874,1.49,2.36,5.61,4.43,2.46,7.73,-0.53,2025
MSFT,Technology,2021-08-19,285.97,2.08,0.402,0.899,1.48,0.78,1.48,-0.36,1.04,3.06,-0.91,2021
MSFT,Technology,2022-07-27,260.58,6.69,0.639,0.882,1.83,5.11,7.6,8.63,2.84,9.47,-0.32,2022
MSFT,Technology,2022-12-13,250.35,1.75,0.427,0.831,1.72,-5.89,-8.71,-13.47,-7.17,2.21,-14.62,2022
MSFT,Technology,2023-03-16,269.81,4.05,0.547,0.864,1.99,0.53,2.84,5.58,3.6,5.75,-2.42,2023
MSFT,Technology,2023-04-26,288.54,7.24,0.431,0.865,2.54,3.06,5.74,6.54,6.49,9.5,-0.04,2023
MSFT,Technology,2023-05-25,319.08,3.85,0.586,0.895,1.64,2.91,0.27,5.03,0.82,7.84,-1.05,2023
MSFT,Technology,2024-03-14,418.79,2.44,0.583,0.878,1.69,0.98,-1.06,0.07,-0.78,1.32,-2.92,2024
MSFT,Technology,2025-06-23,483.19,1.8,0.317,0.857,1.33,2.35,2.19,4.08,3.97,5.89,0.16,2025
MSFT,Technology,2025-07-31,530.42,3.95,0.515,0.88,3.17,-2.37,-2.07,-5.33,-4.32,0.89,-6.4,2025
MU,Technology,2024-06-05,132.83,5.58,0.575,0.701,1.51,5.27,7.84,-1.11,-1.58,17.82,-4.82,2024
MU,Technology,2024-06-17,146.86,4.58,0.603,0.882,1.53,-4.54,-10.31,-7.66,-19.09,6.57,-19.28,2024
MU,Technology,2025-05-12,92.11,7.49,0.479,0.81,1.38,6.89,4.43,10.79,23.68,24.52,-1.47,2025
MU,Technology,2025-06-03,102.05,4.15,0.554,0.736,1.27,11.63,17.69,24.45,19.06,26.99,-0.54,2025
MU,Technology,2025-11-05,237.4,8.93,0.584,0.883,1.31,3.12,-4.88,-3.05,-4.57,9.72,-18.91,2025
NEM,Basic Materials,2022-01-19,57.41,6.04,0.497,0.866,2.83,-5.02,-4.37,-2.77,-1.03,0.83,-9.25,2022
NEM,Basic Materials,2023-01-03,45.62,5.04,0.32,0.868,1.29,7.2,3.93,11.11,9.3,11.76,0.89,2023
NEM,Basic Materials,2024-04-25,41.89,12.46,0.588,0.896,2.66,-5.44,-1.31,-1.31,-5.02,2.72,-7.12,2024
NEM,Basic Materials,2025-06-02,55.12,5.42,0.455,0.866,1.23,-4.14,4.57,4.52,5.85,8.51,-6.3,2025
NEM,Basic Materials,2025-08-26,71.84,1.87,0.61,0.743,1.26,4.13,8.64,9.0,15.63,19.99,-1.3,2025
NEM,Basic Materials,2025-09-10,78.04,3.31,0.467,0.816,1.44,0.33,6.43,9.59,12.71,13.95,-1.82,2025
NEM,Basic Materials,2025-12-11,99.22,5.32,0.631,0.85,1.28,-0.08,6.4,4.13,13.62,14.38,-2.94,2025
NFLX,Technology,2021-08-19,54.37,4.18,0.419,0.706,3.2,1.18,8.25,10.12,8.39,13.22,-0.85,2021
NFLX,Technology,2022-12-01,31.69,3.74,0.6,0.726,1.64,-2.11,-8.37,-6.06,-6.96,4.98,-13.74,2022
NFLX,Technology,2023-03-24,32.84,2.5,0.475,0.821,2.04,5.2,3.23,1.32,0.19,6.52,-3.74,2023
NFLX,Technology,2023-05-18,37.13,9.22,0.579,0.812,3.99,-3.31,7.86,13.12,16.34,20.84,-4.57,2023
NFLX,Technology,2023-07-18,47.48,5.5,0.41,0.879,2.23,-9.92,-7.62,-7.69,-10.76,2.15,-13.25,2023
NFLX,Technology,2023-09-05,44.87,2.0,0.545,0.702,1.37,-3.12,-11.7,-15.47,-16.03,0.6,-17.29,2023
NFLX,Technology,2023-12-18,48.61,2.98,0.425,0.738,1.64,1.04,-3.26,-1.6,-0.17,3.56,-4.99,2023
NFLX,Technology,2024-06-14,66.94,2.47,0.451,0.765,1.65,-0.05,0.63,2.44,-1.95,4.2,-3.83,2024
NFLX,Technology,2024-09-24,72.23,2.39,0.427,0.803,1.35,-2.23,-0.07,-2.25,5.81,7.03,-6.14,2024
NTR,Agricultural,2021-09-23,56.46,2.38,0.641,0.893,1.66,1.09,8.37,11.86,9.01,12.6,-1.11,2021
NTR,Agricultural,2022-04-18,101.91,2.23,0.451,0.788,1.33,-13.03,-13.35,-18.89,-11.48,0.27,-19.27,2022
NTR,Agricultural,2022-08-23,86.23,5.2,0.606,0.792,1.43,-2.39,-6.29,-4.73,-7.95,6.63,-12.75,2022
NTR,Agricultural,2023-07-18,58.06,4.01,0.414,0.71,1.21,5.98,6.38,5.17,-2.76,9.64,-2.84,2023
NTR,Agricultural,2025-06-02,59.66,2.02,0.462,0.882,1.28,0.4,4.35,-1.33,-1.9,8.07,-4.97,2025
NTR,Agricultural,2025-06-13,62.3,4.05,0.469,0.796,2.23,-4.07,-6.52,-1.49,-3.88,3.48,-9.0,2025
NUE,Basic Materials,2021-07-29,96.6,4.07,0.55,0.749,1.81,-1.88,21.06,13.51,14.12,24.51,-2.01,2021
NUE,Basic Materials,2021-10-20,98.59,1.8,0.333,0.846,1.27,2.89,4.84,4.94,3.76,13.47,-6.81,2021
NUE,Basic Materials,2022-07-21,121.98,9.15,0.498,0.874,1.49,1.46,4.46,10.41,10.91,13.52,-7.2,2022
NVDA,Technology,2022-12-13,18.05,3.06,0.413,0.842,1.47,-10.99,-22.33,-21.07,-8.64,1.0,-23.17,2022
NVDA,Technology,2023-05-01,28.88,4.18,0.325,0.851,1.45,0.83,0.15,7.84,38.74,45.06,-5.78,2023
ORCL,Technology,2023-05-05,93.93,2.11,0.235,0.877,1.23,0.91,6.05,7.33,10.27,10.96,-0.9,2023
ORCL,Technology,2023-05-17,96.64,1.55,0.443,0.813,1.58,-1.45,6.23,7.73,26.84,27.83,-2.49,2023
ORCL,Technology,2024-01-18,106.46,2.13,0.335,0.814,1.34,5.8,6.28,7.34,3.75,8.36,0.29,2024
ORCL,Technology,2024-05-14,118.76,3.87,0.443,0.697,3.08,3.11,2.37,1.46,16.14,16.62,-5.23,2024
ORCL,Technology,2024-09-10,153.6,11.44,0.611,0.856,6.24,7.43,6.36,7.23,11.85,12.03,-0.67,2024
ORCL,Technology,2024-11-06,178.98,5.51,0.458,0.629,2.02,4.63,5.25,0.81,2.76,8.17,-1.18,2024
ORCL,Technology,2025-01-21,170.84,7.17,0.434,0.886,3.96,-4.97,-2.71,2.68,5.19,11.25,-11.54,2025
ORCL,Technology,2025-05-30,164.46,1.61,0.426,0.816,2.25,5.13,30.02,25.08,32.08,37.87,-1.77,2025
OXY,Energy,2022-01-04,31.35,7.47,0.602,0.872,2.13,3.95,7.34,11.02,18.69,19.17,-6.02,2022
OXY,Energy,2023-01-20,63.37,1.89,0.564,0.807,1.21,-0.55,-8.47,-1.91,-9.24,1.52,-10.25,2023
OXY,Energy,2024-02-15,57.6,4.9,0.54,0.882,2.45,-0.15,2.08,1.51,4.6,5.2,-1.6,2024
OXY,Energy,2025-05-12,42.93,4.03,0.425,0.801,1.61,-3.53,-5.11,-2.67,0.67,1.89,-8.44,2025
PAAS,Precious Metals,2023-01-04,16.87,4.19,0.477,0.726,1.64,2.07,3.91,5.09,3.24,7.43,-6.09,2023
PAAS,Precious Metals,2023-07-12,15.1,5.89,0.584,0.85,1.55,6.38,2.4,-0.88,-5.05,8.4,-5.31,2023
PAAS,Precious Metals,2024-05-15,20.28,2.21,0.392,0.842,1.34,3.0,7.34,4.35,-4.53,9.86,-6.42,2024
PAAS,Precious Metals,2025-01-24,22.17,2.75,0.541,0.761,1.29,3.52,9.5,9.1,9.86,15.12,-4.46,2025
PAAS,Precious Metals,2025-07-11,30.25,3.37,0.263,0.836,1.62,-7.39,-3.92,-10.91,5.34,5.9,-11.74,2025
PEP,Consumer non cyclical,2021-08-19,137.07,1.68,0.357,0.767,1.44,-2.69,-0.56,-1.5,-2.34,0.45,-3.03,2021
PEP,Consumer non cyclical,2023-04-25,171.46,2.27,0.391,0.808,1.82,1.34,2.34,1.96,-1.92,3.78,-2.7,2023
PEP,Consumer non cyclical,2023-12-13,158.85,2.1,0.446,0.85,1.25,-3.67,-1.52,-1.78,-2.76,1.85,-4.18,2023
PFE,Healthcare,2021-06-10,32.0,2.19,0.518,0.801,1.93,-2.95,-3.66,-2.75,-2.63,-0.02,-4.87,2021
PFE,Healthcare,2021-11-02,36.08,4.15,0.511,0.801,3.17,4.98,10.09,13.37,21.36,23.63,-3.87,2021
PFE,Healthcare,2024-09-09,26.56,2.98,0.363,0.83,1.39,2.24,-0.34,-1.6,-0.71,3.2,-3.98,2024
PFE,Healthcare,2025-07-01,23.79,3.3,0.634,0.867,1.58,2.08,-1.72,1.28,-3.27,4.03,-3.31,2025
PG,Consumer non cyclical,2022-04-20,147.79,2.66,0.608,0.847,1.61,-2.08,-3.3,-6.22,-10.87,1.33,-11.18,2022
PG,Consumer non cyclical,2022-07-28,135.33,1.66,0.392,0.818,1.21,-2.3,-1.89,1.15,-1.59,1.74,-6.64,2022
PG,Consumer non cyclical,2023-04-21,145.47,3.46,0.579,0.859,2.76,0.2,-0.03,-0.07,-1.86,1.2,-2.86,2023
PG,Consumer non cyclical,2024-09-03,167.84,1.74,0.438,0.887,1.7,1.87,0.78,-0.73,-0.85,1.96,-2.37,2024
PG,Consumer non cyclical,2024-09-16,170.46,1.82,0.56,0.863,1.22,-1.96,-2.28,-5.71,-2.67,-0.15,-6.19,2024
PLTR,Technology,2021-08-12,24.89,11.36,0.427,0.596,8.36,-2.93,-0.08,6.51,5.58,8.0,-4.94,2021
PLTR,Technology,2021-11-08,26.75,2.88,0.557,0.604,1.52,-12.49,-22.8,-22.8,-27.25,-2.88,-32.43,2021
PLTR,Technology,2022-06-24,10.19,7.72,0.418,0.874,1.81,-9.03,-6.18,-11.38,-5.0,5.59,-15.11,2022
PLTR,Technology,2023-04-11,8.61,2.62,0.468,0.619,1.31,1.39,-10.1,-11.85,10.92,12.54,-15.45,2023
PLTR,Technology,2023-07-18,18.08,3.91,0.56,0.691,1.43,-8.46,10.56,-5.75,-14.99,11.95,-17.53,2023
PLTR,Technology,2024-05-03,23.33,3.46,0.417,0.668,1.73,-11.7,-6.73,-9.94,-8.62,8.68,-12.13,2024
PLTR,Technology,2024-11-05,51.13,23.47,0.532,0.784,4.51,17.05,23.18,28.57,36.61,39.59,0.94,2024
PLTR,Technology,2025-08-05,173.27,7.85,0.649,0.765,2.33,7.91,-8.96,-7.16,-10.6,9.66,-17.85,2025
PLTR,Technology,2025-10-29,198.81,4.86,0.523,0.759,1.41,-5.49,-7.36,-16.79,-16.62,4.38,-25.78,2025
PM,Consumer non cyclical,2021-06-14,79.26,1.68,0.356,0.859,2.6,-0.34,-0.63,-0.65,-1.6,1.24,-2.28,2021
PM,Consumer non cyclical,2021-09-02,84.32,2.01,0.521,0.764,1.65,-1.96,-3.58,-3.62,-7.93,0.82,-9.57,2021
PM,Consumer non cyclical,2024-05-31,93.7,1.98,0.409,0.765,1.67,2.2,0.81,1.79,1.17,3.47,-2.04,2024
PM,Consumer non cyclical,2024-10-22,124.42,10.47,0.478,0.89,3.2,0.12,0.59,-5.47,-1.42,2.09,-5.97,2024
PM,Consumer non cyclical,2025-05-30,174.41,1.53,0.502,0.82,1.63,0.63,2.07,2.41,1.61,3.38,-1.28,2025
PM,Consumer non cyclical,2025-12-15,155.59,3.1,0.639,0.844,1.25,0.81,3.17,-1.16,8.98,9.14,-2.08,2025
PNC,Financial,2023-07-18,118.49,2.51,0.579,0.827,2.15,2.45,3.9,-0.23,-5.18,5.26,-5.49,2023
PNC,Financial,2023-09-14,115.42,2.72,0.524,0.834,1.29,-3.78,-3.26,-5.19,-4.45,0.37,-6.86,2023
PNC,Financial,2023-12-14,141.21,4.78,0.541,0.898,2.11,-1.0,1.0,2.75,-1.8,2.86,-5.22,2023
PNC,Financial,2024-09-19,177.65,2.54,0.576,0.866,1.29,-2.07,-4.71,-2.05,1.7,5.04,-5.49,2024
PNC,Financial,2025-05-12,170.61,5.14,0.63,0.862,1.45,2.08,0.71,0.75,2.52,3.25,-3.25,2025
PSX,Energy,2024-01-26,129.79,1.87,0.563,0.848,1.24,3.74,3.88,3.3,6.53,7.81,-2.23,2024
PSX,Energy,2025-05-12,114.48,7.0,0.451,0.742,1.78,3.94,-2.74,-1.34,0.98,6.75,-6.63,2025
QCOM,Technology,2021-07-14,129.52,1.82,0.639,0.884,1.64,-1.1,-0.91,3.11,2.04,5.93,-4.83,2021
QCOM,Technology,2024-01-19,144.83,4.59,0.543,0.819,2.4,-0.82,-6.76,-0.63,0.48,3.96,-8.36,2024
QCOM,Technology,2025-06-09,152.76,4.13,0.535,0.835,1.35,0.94,0.19,2.57,2.54,5.5,-3.69,2025
QCOM,Technology,2025-12-10,181.05,3.53,0.424,0.829,1.28,-5.42,-4.08,-5.07,-2.43,1.23,-6.15,2025
RGLD,Precious Metals,2022-01-19,100.24,5.71,0.575,0.838,1.3,-3.34,-1.14,0.24,5.03,5.86,-6.82,2022
RGLD,Precious Metals,2025-01-30,139.98,2.82,0.483,0.893,1.29,2.56,8.6,5.04,4.01,10.13,-2.12,2025
RGLD,Precious Metals,2025-09-15,194.57,3.23,0.609,0.8,1.6,-2.0,1.57,4.4,2.3,5.9,-6.06,2025
RIG,Energy,2021-09-02,3.77,8.33,0.513,0.533,1.64,-7.43,-11.14,-9.28,1.33,10.34,-18.3,2021
RIG,Energy,2022-01-04,3.27,4.81,0.466,0.835,1.48,8.56,4.28,2.45,7.03,10.7,-12.84,2022
RIG,Energy,2026-01-21,4.63,7.67,0.602,0.881,1.71,5.18,15.33,29.59,37.37,41.9,-1.94,2026
ROK,Industrial,2021-07-28,275.95,1.94,0.569,0.739,1.84,4.26,5.76,4.84,7.11,7.4,-0.68,2021
ROK,Industrial,2024-11-06,286.95,9.21,0.502,0.864,4.11,-2.53,-4.3,0.78,1.52,3.72,-7.56,2024
ROK,Industrial,2025-07-01,334.92,1.94,0.258,0.859,1.31,0.49,3.86,5.72,3.72,6.59,-0.63,2025
RTX,Defence,2025-08-26,158.42,2.11,0.38,0.757,1.3,-0.91,-2.86,-0.79,1.13,2.17,-5.62,2025
SAIC,Defence,2021-09-03,81.84,2.05,0.54,0.848,2.43,-0.52,-3.73,-0.39,-0.71,1.56,-5.14,2021
SAIC,Defence,2023-12-01,116.56,2.14,0.608,0.857,2.4,6.46,4.61,3.23,3.89,13.45,2.21,2023
SAP,Technology,2021-07-07,138.13,4.22,0.575,0.888,1.78,1.7,-5.98,-3.2,-0.88,1.99,-7.85,2021
SAP,Technology,2024-03-07,191.42,2.56,0.46,0.831,1.55,-2.62,-0.39,-0.28,-1.92,1.9,-4.6,2024
SAP,Technology,2025-10-20,277.91,1.84,0.568,0.72,1.23,-2.07,-5.02,-9.41,-14.04,1.25,-14.63,2025
SAP,Technology,2026-01-09,247.11,2.52,0.618,0.876,1.45,-5.47,-2.91,-16.14,-14.85,3.56,-23.43,2026
SCCO,Basic Materials,2023-01-04,54.17,2.58,0.324,0.71,1.26,16.28,20.47,18.32,20.39,24.58,-1.2,2023
SCCO,Basic Materials,2023-03-03,68.28,4.47,0.439,0.88,1.76,-7.94,-13.35,-9.36,-2.99,-0.81,-15.43,2023
SCCO,Basic Materials,2025-06-05,91.8,2.49,0.366,0.753,1.62,-0.14,-2.72,6.7,8.79,11.21,-3.32,2025
SCCO,Basic Materials,2025-09-03,98.22,3.78,0.416,0.679,1.6,1.16,5.9,18.4,21.51,22.46,-2.09,2025
SCCO,Basic Materials,2026-01-05,152.43,3.83,0.49,0.869,1.31,14.0,20.64,26.2,39.54,41.73,-1.81,2026
SCHW,Financial,2022-07-28,64.21,8.3,0.401,0.778,2.72,1.92,7.53,12.24,9.65,14.7,-3.12,2022
SCHW,Financial,2022-11-30,78.75,2.67,0.394,0.85,1.51,-2.85,-6.32,-1.56,0.15,0.55,-7.95,2022
SCHW,Financial,2023-06-29,54.97,2.44,0.35,0.821,1.21,-0.61,2.42,16.35,15.44,20.41,-2.98,2023
SCHW,Financial,2024-02-29,65.05,1.72,0.543,0.837,1.27,2.11,-0.27,7.59,8.33,9.22,-1.62,2024
SLB,Energy,2022-01-03,28.82,5.91,0.529,0.811,2.15,10.72,18.35,22.29,24.59,29.38,1.29,2022
SLB,Energy,2022-08-23,36.01,6.61,0.585,0.779,1.53,-1.73,-5.41,2.71,-4.08,3.91,-8.14,2022
SLB,Energy,2025-12-10,39.7,4.26,0.607,0.898,1.44,-3.51,-4.91,0.68,13.2,13.3,-6.11,2025
SMG,Agricultural,2021-11-03,136.79,10.68,0.406,0.859,3.5,2.88,3.68,1.43,-13.83,10.86,-14.8,2021
SMG,Agricultural,2024-09-23,73.16,5.47,0.613,0.733,2.56,11.27,7.89,12.63,15.3,16.9,0.37,2024
SMG,Agricultural,2024-11-04,85.96,2.11,0.332,0.806,1.69,-18.75,-18.25,-9.95,-16.42,2.57,-22.51,2024
SMG,Agricultural,2025-01-24,69.83,1.72,0.425,0.699,1.38,-3.76,-8.75,-10.36,-17.65,7.3,-18.24,2025
SMG,Agricultural,2025-06-05,62.9,10.9,0.594,0.75,2.73,-1.95,-4.85,1.12,4.81,6.65,-7.35,2025
SNPS,Technology,2022-11-10,318.76,9.89,0.64,0.854,1.29,1.73,4.35,9.23,2.19,14.19,-0.52,2022
SNPS,Technology,2024-02-22,580.9,6.87,0.546,0.834,2.83,-1.23,0.42,-3.72,3.63,6.14,-5.85,2024
STLD,Basic Materials,2022-04-21,88.03,1.91,0.392,0.789,2.29,-3.85,-12.69,-19.84,-18.76,2.83,-21.36,2022
STLD,Basic Materials,2022-07-21,67.12,3.86,0.312,0.807,1.87,4.86,9.54,18.04,19.37,21.5,-6.84,2022
STLD,Basic Materials,2022-08-25,82.33,6.6,0.59,0.762,2.32,-10.86,-0.28,-13.53,-19.1,2.14,-20.33,2022
STLD,Basic Materials,2022-12-02,104.44,4.2,0.498,0.885,1.57,-1.04,-7.79,-6.35,-12.83,3.26,-12.99,2022
STLD,Basic Materials,2023-11-30,115.32,3.15,0.598,0.816,3.16,-3.96,0.0,0.89,-0.51,7.92,-6.3,2023
STLD,Basic Materials,2024-03-15,133.96,4.34,0.638,0.885,3.57,4.43,8.58,7.56,2.55,10.1,-0.12,2024
STLD,Basic Materials,2024-11-06,151.5,13.76,0.362,0.859,3.74,-8.05,-6.66,-6.8,-10.12,0.51,-11.4,2024
STNG,Energy,2021-06-23,20.8,2.57,0.398,0.814,2.21,-4.71,-14.61,-24.2,-27.66,6.61,-31.68,2021
STNG,Energy,2022-09-09,40.78,5.64,0.486,0.863,1.33,-2.55,-10.47,-4.95,-4.7,4.68,-13.97,2022
STNG,Energy,2025-06-13,42.77,3.73,0.448,0.687,2.31,-2.51,-9.84,-1.2,2.05,7.76,-10.53,2025
SU,Industrial,2025-01-10,38.22,2.74,0.614,0.889,1.57,-0.89,-1.55,-4.62,0.38,3.2,-8.56,2025
SU,Industrial,2025-11-05,40.9,4.33,0.636,0.898,2.35,7.3,9.12,7.84,8.61,10.63,0.39,2025
SYY,Consumer non cyclical,2022-04-08,77.36,2.26,0.589,0.821,1.43,0.4,4.87,-0.5,-5.25,6.97,-5.77,2022
SYY,Consumer non cyclical,2022-06-24,77.36,5.86,0.576,0.875,1.35,1.46,1.48,1.49,3.27,4.42,-2.53,2022
SYY,Consumer non cyclical,2025-01-27,74.77,2.8,0.489,0.827,2.16,-5.92,-8.67,-8.93,-3.15,-2.98,-9.21,2025
T,Communications,2023-08-29,12.91,3.94,0.27,0.743,1.3,-1.08,-1.02,5.28,0.68,6.5,-3.05,2023
T,Communications,2023-11-30,14.76,1.66,0.407,0.791,1.8,3.14,0.48,-0.48,1.27,4.65,-2.84,2023
T,Communications,2024-05-30,16.21,2.92,0.527,0.805,1.22,3.75,0.28,4.43,8.46,8.57,-1.14,2024
T,Communications,2024-10-23,21.28,4.6,0.373,0.879,2.53,-2.09,-0.76,-0.84,1.51,3.16,-3.11,2024
T,Communications,2025-01-27,23.13,6.25,0.638,0.886,3.01,0.46,2.98,8.0,10.4,12.51,-1.99,2025
TFC,Financial,2025-01-17,44.95,5.94,0.487,0.859,2.31,-0.08,-1.59,-1.05,1.05,1.85,-3.8,2025
TGT,Consumer non cyclical,2022-04-07,200.18,5.67,0.52,0.799,2.46,3.95,5.91,0.2,-1.31,11.69,-2.43,2022
TGT,Consumer non cyclical,2022-04-19,215.84,2.78,0.612,0.85,1.37,-3.88,-5.49,-10.95,-12.14,3.58,-14.65,2022
TGT,Consumer non cyclical,2022-10-25,146.96,2.46,0.572,0.842,1.3,-0.73,-2.52,8.63,-4.19,9.52,-9.72,2022
TGT,Consumer non cyclical,2023-01-06,142.84,3.82,0.393,0.74,1.31,2.78,2.8,5.33,8.55,13.46,-3.32,2023
TGT,Consumer non cyclical,2025-01-10,134.27,2.46,0.351,0.655,1.28,-5.66,0.62,-5.27,-7.3,2.44,-9.67,2025
TGT,Consumer non cyclical,2025-05-12,96.65,4.85,0.461,0.755,1.49,-1.95,-2.95,-4.16,0.83,2.43,-9.34,2025
TMO,Healthcare,2022-03-18,582.32,2.94,0.623,0.891,1.73,-2.51,0.55,3.36,-2.88,4.97,-4.16,2022
TMO,Healthcare,2023-12-13,514.45,4.26,0.526,0.884,1.67,0.24,2.85,2.52,5.04,7.92,-0.5,2023
TMO,Healthcare,2024-01-02,540.23,2.52,0.497,0.854,1.38,-0.42,-0.9,-0.76,-0.95,4.75,-3.09,2024
TNK,Energy,2021-09-07,11.16,1.68,0.621,0.713,1.27,-3.69,-8.33,9.83,11.87,19.89,-11.16,2021
TNK,Energy,2022-04-06,13.18,5.26,0.584,0.8,3.93,13.85,10.79,9.65,10.85,17.38,-1.93,2022
TNK,Energy,2023-12-19,48.49,4.74,0.563,0.796,1.71,-3.4,2.09,1.98,11.42,16.36,-6.89,2023
TNK,Energy,2025-06-13,47.17,3.77,0.41,0.749,1.98,-7.04,-12.33,-7.54,-8.74,0.84,-13.74,2025
TNK,Energy,2026-02-19,73.65,1.86,0.616,0.885,2.52,4.2,-0.62,-11.79,-7.58,11.66,-14.41,2026
TSLA,Consumer cyclical,2021-06-23,218.86,5.27,0.364,0.79,1.36,3.52,-0.57,-0.91,-1.11,6.61,-5.5,2021
TSLA,Consumer cyclical,2024-09-05,230.17,4.9,0.413,0.711,1.66,-0.16,5.97,10.45,4.56,15.07,-8.54,2024
TSLA,Consumer cyclical,2024-09-19,243.92,7.36,0.616,0.823,1.38,4.22,-1.34,-2.11,-9.44,8.58,-12.37,2024
TSLA,Consumer cyclical,2024-12-16,463.02,6.14,0.567,0.888,1.41,-7.0,-12.78,-14.7,-10.63,5.51,-19.43,2024
TSN,Agricultural,2021-11-15,73.01,3.55,0.537,0.878,2.98,-1.17,-5.59,0.4,2.53,3.34,-6.48,2021
TSN,Agricultural,2022-01-13,81.36,2.71,0.576,0.888,1.27,-3.52,-2.05,-5.28,5.13,8.06,-5.78,2022
TSN,Agricultural,2024-02-01,52.48,3.41,0.432,0.885,1.85,-4.7,-7.17,-4.98,-5.19,8.09,-9.66,2024
TSN,Agricultural,2024-05-03,58.0,1.76,0.485,0.663,2.17,-3.82,-2.85,-3.72,-7.27,-1.27,-9.35,2024
TXN,Technology,2024-01-19,162.47,4.04,0.571,0.851,2.89,-5.51,-7.6,-5.74,-6.91,1.73,-9.77,2024
TXN,Technology,2024-02-29,157.79,2.63,0.538,0.821,1.6,4.75,2.28,3.14,4.11,6.23,-0.81,2024
TXN,Technology,2025-01-15,190.06,2.07,0.479,0.894,1.26,1.57,-6.2,-6.52,-7.78,1.58,-9.84,2025
TXN,Technology,2025-07-08,211.79,1.51,0.472,0.845,1.2,0.8,-0.79,-11.66,-13.8,2.34,-17.28,2025
TXN,Technology,2026-01-06,190.85,8.43,0.353,0.839,2.17,-1.86,1.2,12.53,16.8,19.9,-4.97,2026
TXT,Defence,2022-12-06,73.31,5.25,0.32,0.866,4.05,-2.2,-5.45,-4.91,-4.73,0.38,-6.61,2022
TXT,Defence,2023-07-27,76.32,11.87,0.484,0.899,4.72,1.61,1.56,-2.34,-1.67,4.68,-3.58,2023
TXT,Defence,2023-12-13,78.59,1.74,0.605,0.897,1.66,0.66,2.53,-0.2,0.79,3.59,-2.08,2023
TXT,Defence,2024-01-24,85.37,7.84,0.616,0.882,3.2,-0.98,2.52,0.9,-0.2,3.34,-1.81,2024
TXT,Defence,2025-09-08,82.68,1.58,0.445,0.794,1.48,-0.59,0.93,1.58,5.59,6.29,-3.12,2025
UNH,Healthcare,2023-09-21,476.22,1.83,0.557,0.86,1.74,1.79,3.01,4.87,6.08,9.11,-0.62,2023
UNH,Healthcare,2023-11-30,525.47,3.36,0.544,0.885,2.92,-0.51,-3.06,-5.66,-4.47,0.66,-6.39,2023
UNH,Healthcare,2025-04-03,525.62,3.3,0.536,0.9,1.55,9.98,-15.97,-22.54,-26.0,12.2,-27.26,2025
UNH,Healthcare,2025-07-01,319.45,4.54,0.154,0.644,1.41,-7.12,-10.32,-10.31,-18.43,-1.14,-20.86,2025
UNH,Healthcare,2026-01-06,346.28,2.03,0.615,0.789,1.59,-4.31,-0.35,-15.75,-20.93,2.55,-21.47,2026
UPS,Industrial,2022-03-17,183.53,2.03,0.479,0.898,1.2,-3.45,-3.54,-13.32,-15.43,0.74,-16.31,2022
UPS,Industrial,2023-01-31,156.83,4.67,0.606,0.844,2.74,1.65,0.83,-3.81,-0.29,4.58,-4.1,2023
UPS,Industrial,2024-05-13,135.56,2.19,0.541,0.823,1.23,-2.0,-8.65,-9.94,-8.8,1.87,-11.3,2024
UPS,Industrial,2024-10-24,126.12,5.28,0.635,0.827,3.7,-3.1,-3.04,-4.13,-3.88,1.43,-6.18,2024
UPS,Industrial,2025-06-10,97.48,3.17,0.627,0.862,1.35,-2.72,-3.02,3.01,0.45,3.9,-3.75,2025
UPS,Industrial,2025-07-01,99.4,3.5,0.635,0.88,1.41,-2.22,-4.63,-0.9,-16.55,1.9,-16.71,2025
USB,Financial,2023-12-13,38.46,5.04,0.553,0.794,1.73,-0.07,3.84,4.27,0.32,7.91,-0.8,2023
VLO,Energy,2025-05-12,126.76,6.15,0.458,0.829,1.32,2.94,1.02,1.2,1.96,4.77,-3.32,2025
VLO,Energy,2025-06-16,134.96,2.72,0.332,0.797,1.25,-1.39,0.18,8.21,3.94,12.6,-3.26,2025
VMC,Basic Materials,2021-07-28,176.17,3.58,0.536,0.866,1.6,-1.81,5.7,0.9,3.81,6.0,-6.91,2021
WFC,Financial,2024-04-18,56.13,2.73,0.38,0.87,1.51,2.03,1.86,4.92,4.55,7.1,0.2,2024
WMB,Energy,2022-08-18,29.86,2.74,0.579,0.778,1.41,1.02,-4.71,-5.81,-8.91,1.56,-9.97,2022
WMT,Consumer non cyclical,2021-08-05,45.58,1.86,0.6,0.821,1.53,2.83,3.56,1.65,2.49,5.25,-0.37,2021
WMT,Consumer non cyclical,2021-10-19,45.5,2.12,0.578,0.854,1.72,2.81,3.48,3.52,-1.05,5.05,-1.65,2021
WMT,Consumer non cyclical,2024-02-20,57.26,3.23,0.634,0.837,4.06,1.65,2.42,4.76,4.19,5.17,-1.74,2024
WMT,Consumer non cyclical,2024-07-05,68.88,2.64,0.354,0.89,1.51,-1.14,1.01,-0.37,-2.26,1.84,-3.28,2024
WPM,Precious Metals,2025-01-24,59.76,1.78,0.538,0.793,1.41,4.12,10.32,12.5,14.75,17.18,-2.82,2025
WPM,Precious Metals,2025-06-02,91.83,5.86,0.607,0.872,1.46,-2.94,0.07,-3.55,-2.67,3.7,-6.12,2025
WPM,Precious Metals,2025-12-10,112.83,3.26,0.601,0.76,1.42,1.99,8.09,4.47,10.56,12.15,-0.24,2025
XOM,Energy,2022-07-29,85.33,4.63,0.505,0.819,1.36,-8.75,-2.08,-2.0,1.95,4.08,-10.99,2022
XOM,Energy,2023-09-12,107.88,2.92,0.634,0.878,1.49,-0.14,-0.92,-1.41,-5.99,2.73,-10.54,2023
